Roll Number,Name,E mail
2001AE01,Aron Dowbakin,adowbakin0@noaa.gov
2001AE02,Ramsey Sacks,rsacks1@epa.gov
2001AE03,Denys Fisby,dfisby2@yellowpages.com
2001AE04,Carissa Hibbart,chibbart3@blogtalkradio.com
2001AE05,Armstrong Covil,acovil4@google.cn
2001AE06,Conrado Housley,chousley5@dailymotion.com
2001AE07,Rollo Gumbley,rgumbley6@nbcnews.com
2001AE08,Kaylee Gobel,kgobel7@skype.com
2001AE09,Cynde McGuiney,cmcguiney8@berkeley.edu
2001AE10,Tedman Gammack,tgammack9@istockphoto.com
2001AE11,Casi Duffy,cduffya@newsvine.com
2001AE12,Kirstyn Antognelli,kantognellib@123-reg.co.uk
2001AE13,Aleksandr Edelmann,aedelmannc@arizona.edu
2001AE14,Giovanna Dougliss,gdouglissd@woothemes.com
2001AE15,Diann Ker,dkere@ycombinator.com
2001AE16,Ellsworth Burfoot,eburfootf@umich.edu
2001AE17,Catlee ffrench Beytagh,cffrenchg@joomla.org
2001AE18,Dmitri Larrie,dlarrieh@google.co.jp
2001AE19,Elie Bourne,ebournei@google.co.uk
2001AE20,Russ Heynel,rheynelj@ox.ac.uk
2001AE21,Dallas Burtt,dburttk@ihg.com
2001AE22,Derry Spoerl,dspoerll@cisco.com
2001AE23,Vivian Gonsalvez,vgonsalvezm@home.pl
2001AE24,Loy Antonetti,lantonettin@hubpages.com
2001AE25,Melisent Perone,mperoneo@adobe.com
2001AE26,Cordelia Abbyss,cabbyssp@cdc.gov
2001AE27,Bibbie Hargreave,bhargreaveq@senate.gov
2001AE28,Phyllys Terrey,pterreyr@dagondesign.com
2001AE29,Arlen Delacoste,adelacostes@over-blog.com
2001AE30,Bobbye Oxbrough,boxbrought@theglobeandmail.com
2001AE31,York Martynikhin,ymartynikhinu@rediff.com
2001AE32,Sharity Bille,sbillev@ibm.com
2001AE33,Eustacia Izen,eizenw@howstuffworks.com
2001AE34,Debera Cherry,dcherryx@loc.gov
2001AE35,Joan Coulter,jcoultery@xinhuanet.com
2001AE36,Brittney Petri,bpetriz@ifeng.com
2001AE37,Edward Mathers,emathers10@google.nl
2001AE38,Tabbie Raoux,traoux11@nhs.uk
2001AE39,Earle Von Brook,evon12@timesonline.co.uk
2001AE40,Axe Thorneywork,athorneywork13@canalblog.com
2001AE41,Dynah Moakler,dmoakler14@newyorker.com
2001AE42,Adda Glyde,aglyde15@statcounter.com
2001AE43,Flint Knappitt,fknappitt16@cam.ac.uk
2001AE44,Naoma Yackiminie,nyackiminie17@scientificamerican.com
2001AE45,Phylys Ferraresi,pferraresi18@privacy.gov.au
2001AE46,Norah Trodler,ntrodler19@un.org
2001AE47,Norby O' Brian,no1a@yolasite.com
2001AE48,Nicol Dimberline,ndimberline1b@godaddy.com
2001AE49,Bail Croster,bcroster1c@hhs.gov
2001AE50,Linc Crinson,lcrinson1d@redcross.org
2001AE51,Justin Pesik,jpesik1e@nytimes.com
2001AE52,Arlen Kiddell,akiddell1f@jimdo.com
2001AE53,Erek Rutledge,erutledge1g@rediff.com
2001AE54,Eugene De Hooge,ede1h@blogtalkradio.com
2001AE55,Vitoria Bagshaw,vbagshaw1i@usda.gov
2001AE56,Kristan Mathiassen,kmathiassen1j@furl.net
2001AE57,Doralynn Ewbanks,dewbanks1k@omniture.com
2001AE58,Jordan Capnor,jcapnor1l@wix.com
2001AE59,Alphard Lesper,alesper1m@freewebs.com
2001AE60,Tera Bohan,tbohan1n@spotify.com
